rotation_x,rotation_y,rotation_z,rotation_omega
-71.7948717948718,-22.5641025641026,6.15384615384615,75.50835823305012
